1IYT_WT,4129.19,4160.79,4071.28,4197.42
1IYT_A2T,4135.09,4167.95,4078.08,4205.32
1IYT_A2V,4134.58,4170.58,4082.61,4206.42
1IYT_H6R,4181.65,4234.21,4116.23,4266.86
1IYT_D7N,4136.93,4172.31,4078.75,4210.88
1IYT_D7H,4149.04,4187.49,4095.70,4224.50
1IYT_E11K,4154.98,4205.52,4102.44,4243.28
1IYT_K16N,4122.59,4151.42,4067.67,4189.41
1IYT_A21G,4119.54,4146.13,4059.51,4185.59
1IYT_E22G,4079.36,4127.24,4036.23,4167.09
1IYT_E22Q,4126.99,4164.27,4071.43,4203.34
1IYT_E22K,4143.16,4190.90,4087.80,4229.56
1IYT_D23N,4136.75,4162.99,4076.81,4201.80
1IYT_L34V,4133.40,4171.24,4083.22,4206.25
1IYT_A42T,4168.32,4201.83,4108.45,4239.44
1IYT_A42V,4172.19,4210.92,4121.76,4248.04