1BA4_WT,3692.47,3820.80,3748.25,3847.18
1BA4_A2T,3706.95,3839.97,3759.28,3855.41
1BA4_A2V,3709.36,3844.71,3765.46,3858.90
1BA4_H6R,3776.95,3913.00,3823.24,3930.06
1BA4_D7N,3699.69,3838.54,3754.19,3855.70
1BA4_D7H,3705.98,3845.59,3759.98,3864.45
1BA4_E11K,3713.44,3849.29,3766.45,3868.22
1BA4_K16N,3725.15,3908.25,3782.90,4054.83
1BA4_A21G,3689.56,3825.55,3743.36,3842.86
1BA4_E22G,3672.25,3812.63,3730.97,3826.34
1BA4_E22Q,3707.77,3841.81,3757.27,3858.95
1BA4_E22K,3703.12,3844.15,3757.18,3861.57
1BA4_D23N,3692.06,3823.22,3748.23,3839.62
1BA4_L34V,3681.79,3826.25,3743.01,3839.93