Molecule,DS,StrucTools,Get Area,Mobyle
2LFM_WT,4343.20,4400.49,4315.89,4434.33
2LFM_A2T,4360.81,4402.47,4340.91,4455.75
2LFM_A2V,4364.04,4408.47,4350.75,4459.57
2LFM_H6R,4423.44,4460.44,4384.94,4511.92
2LFM_D7N,4341.88,4393.33,4323.38,4444.16
2LFM_D7H,4363.23,4414.55,4350.87,4466.27
2LFM_E11K,4378.78,4441.61,4364.27,4492.97
2LFM_K16N,4342.89,4381.05,4316.36,4430.97
2LFM_A21G,4347.45,4387.95,4329.37,4439.02
2LFM_E22G,4285.35,4335.59,4275.77,4383.96
2LFM_E22Q,4337.00,4393.69,4319.45,4440.36
2LFM_E22K,4382.35,4444.08,4365.95,4493.06
2LFM_D23N,4338.65,4372.26,4320.47,4425.23
2LFM_L34V,4302.88,4340.88,4282.23,4390.84