1Z0Q_WT,4010.51,4142.57,4026.95,4180.90
1Z0Q_A2T,4021.38,4158.91,4041.94,4189.04
1Z0Q_A2V,4022.00,4154.07,4041.72,4188.06
1Z0Q_H6R,4030.34,4175.02,4039.19,4207.52
1Z0Q_D7N,4000.42,4141.46,4023.99,4173.27
1Z0Q_D7H,4018.21,4156.24,4037.91,4188.54
1Z0Q_E11K,4081.21,4233.25,4098.52,4242.52
1Z0Q_K16N,3977.61,4097.87,3987.69,4141.06
1Z0Q_A21G,4008.83,4144.39,4026.03,4179.07
1Z0Q_E22G,4009.33,4146.88,4027.90,4182.22
1Z0Q_E22Q,4048.38,4173.22,4058.06,4207.14
1Z0Q_E22K,4085.24,4225.51,4095.27,4256.63
1Z0Q_D23N,4017.70,4152.34,4032.11,4186.08
1Z0Q_L34V,3990.54,4121.50,4004.63,4155.71
1Z0Q_A42T,4074.40,4202.89,4087.72,4244.48
1Z0Q_A42V,4076.57,4210.61,4095.24,4243.96