WT,75,4129.19,1458.98,1256.7
A673T (A2T),80,4135.09,1391.67,1250.16
A673V (A2V),36,4134.58,1474.48,1248.23
H677R (H6R),56,4181.65,1460.74,1297.13
D678N (D7N),61,4136.93,1457.62,1268.7
D678H (D7H),58,4149.04,1458.92,1284.11
E682K (E11K),61,4154.98,1458.88,1283.27
K687N (K16N),56,4122.59,1468.98,1237.72
A692G (A21G),46,4119.54,1418.15,1259.34
E693G (E22G),57,4079.36,1462.61,1174.49
E693K (E22K),55,4143.16,1451.56,1280.3
E693Q (E22Q),50,4126.99,1455.05,1263.49
D694N (D23N),62,4136.75,1455.59,1261.99