WT,75,4343.2,1392.36,1429.05
A673T (A2T),80,4360.81,1344.73,1428.09
A673V (A2V),36,4364.04,1431.59,1428.1
H677R (H6R),56,4423.44,1401.36,1474.62
D678N (D7N),61,4341.88,1403.86,1438.64
D678H (D7H),58,4363.23,1406.52,1457.03
E682K (E11K),61,4378.78,1407.27,1455.84
K687N (K16N),56,4342.89,1410.42,1384
A692G (A21G),46,4347.45,1385.28,1431.29
E693G (E22G),57,4285.35,1412.48,1350.08
E693K (E22K),55,4337,1404.72,1435.64
E693Q (E22Q),50,4382.35,1406.04,1455.09
D694N (D23N),62,4338.65,1402.64,1440.15