WT,75,4010.51,1466.29,1189.16
A673T (A2T),80,4021.38,1411.31,1183.35
A673V (A2V),36,4022,1487,1179.1
H677R (H6R),56,4030.34,1466.36,1213.81
D678N (D7N),61,4000.42,1470.72,1188.13
D678H (D7H),58,4018.21,1467.95,1201.88
E682K (E11K),61,4081.21,1475.35,1226.69
K687N (K16N),56,3977.61,1472.88,1160.54
A692G (A21G),46,4008.83,1434.79,1194.65
E693G (E22G),57,4009.33,1478.67,1133.1
E693K (E22K),55,4048.38,1466.86,1215.65
E693Q (E22Q),50,4085.24,1468.97,1283.64
D694N (D23N),62,4017.7,1469.85,1198.96