WT,1,4343.2,1392.36,1429.05
A673T (A2T),0.5,4360.81,1344.73,1428.09
A673V (A2V),3.5,4364.04,1431.59,1428.1
H677R (H6R),1,4423.44,1401.36,1474.62
D678N (D7N),1,4341.88,1403.86,1438.64
D678H (D7H),1.5,4363.23,1406.52,1457.03
E682K (E11K),2,4378.78,1407.27,1455.84
K687N (K16N),1.5,4342.89,1410.42,1384
A692G (A21G),1.6,4347.45,1385.28,1431.29
E693G (E22G),1,4285.35,1412.48,1350.08
E693K (E22K),0.8,4337,1404.72,1435.64
E693Q (E22Q),1,4382.35,1406.04,1455.09
D694N (D23N),1,4338.65,1402.64,1440.15