WT,1,4010.51,1466.29,1189.16
A673T (A2T),0.5,4021.38,1411.31,1183.35
A673V (A2V),3.5,4022,1487,1179.1
H677R (H6R),1,4030.34,1466.36,1213.81
D678N (D7N),1,4000.42,1470.72,1188.13
D678H (D7H),1.5,4018.21,1467.95,1201.88
E682K (E11K),2,4081.21,1475.35,1226.69
K687N (K16N),1.5,3977.61,1472.88,1160.54
A692G (A21G),1.6,4008.83,1434.79,1194.65
E693G (E22G),1,4009.33,1478.67,1133.1
E693K (E22K),0.8,4048.38,1466.86,1215.65
E693Q (E22Q),1,4085.24,1468.97,1238.64
D694N (D23N),1,4017.7,1469.85,1198.96