WT,1,3692.47,1269.24,1162.85
A673T (A2T),0.5,3706.95,1213.17,1165.88
A673V (A2V),3.5,3709.36,1287.88,1165.43
H677R (H6R),1,3776.95,1267.14,1227.05
D678N (D7N),1,3699.69,1267.09,1180.23
D678H (D7H),1.5,3705.98,1264.33,1189.33
E682K (E11K),2,3713.44,1259.16,1199.3
K687N (K16N),1.5,3725.15,1268.23,1163.68
A692G (A21G),1.6,3689.56,1237.07,1170.78
E693G (E22G),1,3672.25,1278.91,1091.13
E693K (E22K),0.8,3707.77,1266.53,1184.88
E693Q (E22Q),1,3703.12,1255.94,1192.2
D694N (D23N),1,3692.06,1265.59,1166.86